"GeneID","GeneName","Mean_Exp","Mean_Ctrl","Log2FC","T_statistic","P_value","D_value","Significant"
"3404","3404",1001.125,357,1.48503098163204,3.62529029235644,0.0158002689941306,2.54501395852978,"Positive Hit"
"C0317","C0317",2058.625,1003.5,1.03590412290584,3.83224188663331,0.0227795925087918,3.06920610471931,"Positive Hit"
"C0357","C0357",216.5,85.6666666666667,1.32746627842879,3.17419894631597,0.0417450023142514,2.52262956460725,"Positive Hit"
"C0681","C0681",272.375,94.1666666666667,1.52235307040641,3.00735115327125,0.0299540528737616,2.1271075787644,"Positive Hit"
"C1754","C1754",354.375,97.6666666666667,1.84870751876973,3.97212404366958,0.0132091871274323,2.69923681812087,"Positive Hit"
"C1756","C1756",371.375,108.666666666667,1.76363113523544,3.20054843674353,0.0246135895228207,2.24362940924779,"Positive Hit"
"C2356","C2356",338.375,82,2.0316970513448,2.94239315815629,0.0349908922683832,2.02539251631774,"Positive Hit"
"C2359","C2359",183.625,56.8333333333333,1.67462475890768,3.1172241667094,0.0351661519569288,2.06417312027532,"Positive Hit"
"C3436","C3436",305,110.166666666667,1.46080739222922,2.96773641363069,0.0316692018103113,2.15324223144555,"Positive Hit"
"C3440","C3440",939.875,378.333333333333,1.3105369145449,2.86441354958121,0.0372854517541903,2.13397419184581,"Positive Hit"
"C3474","C3474",239.375,34.6666666666667,2.75263856165991,3.7331177781508,0.0148958109613834,2.57008843223712,"Positive Hit"
"C3564","C3564",841.25,195.666666666667,2.09849606959371,6.18977907946587,0.00164659168876392,4.49444125261095,"Positive Hit"
"C3698","C3698",213.4375,66.0833333333333,1.67653093827683,4.91524738636424,0.00551177946942677,3.62672657871137,"Positive Hit"
"C3927","C3927",403.875,122,1.71881824745595,3.11333941723197,0.0268990526927934,2.19203583821533,"Positive Hit"
"C3972","C3972",513.75,143.666666666667,1.83113938290893,3.13345412970439,0.0271822969043554,2.18422645237082,"Positive Hit"
"C3973","C3973",411.625,157.5,1.38034839308313,3.83947975820375,0.0121573397788189,2.72686976226839,"Positive Hit"
"C3974","C3974",456.25,132.5,1.77614342806116,5.16420105498397,0.00476766949588478,3.88133255876377,"Positive Hit"
"C4367","C4367",667.75,210,1.66422398746869,3.80861226168937,0.0153110786556139,2.60200780534466,"Positive Hit"
"C4466","C4466",465.375,109.25,2.08071179925926,4.20380737922486,0.0108832883124049,2.85953643584116,"Positive Hit"
"C4585","C4585",285.125,72.6666666666667,1.95756168888541,2.98148544194373,0.0366419143460239,2.01495463384087,"Positive Hit"
"C4622","C4622",403.75,92.8333333333333,2.10885865894349,3.7599139964779,0.0156130902439957,2.57086240346467,"Positive Hit"
"C4623","C4623",213.625,95.1666666666667,1.15820931607781,3.26329011673067,0.0418620066633612,2.09074175640115,"Positive Hit"
"C4674","C4674",456.375,126.75,1.84005421940147,3.23191131343455,0.0231853683697595,2.30573500059125,"Positive Hit"
"C4857","C4857",747.125,257.333333333333,1.53404553239042,3.11378929595274,0.0290083382172811,2.33398849278686,"Positive Hit"
"C5059","C5059",166,60.5,1.44118978713481,6.45599142237257,0.0191961510604222,5.48725967541479,"Positive Hit"
"Cy3 200x","Cy3 200x",125.125,41,1.5863930363276,4.50032169086611,0.0115445113510697,2.90670752434914,"Positive Hit"
"H3 0.04mg","H3 0.04mg",159.625,40.8333333333333,1.94097159085162,3.07128364325124,0.0282892939702251,2.13695935355549,"Positive Hit"
"Streptavidin 1mg","Streptavidin 1mg",189.375,60.1666666666667,1.63802647436524,3.37039534237112,0.0199686893922799,2.40684538500453,"Positive Hit"
"YP022Z3","YP022Z3",231.875,78.1666666666667,1.55659075644448,3.77802987216551,0.0178906911373921,2.87616721879225,"Positive Hit"
"YPO2277","YPO2277",319.375,118.5,1.42275095531083,3.9362237400463,0.0138668396044637,2.96380615901357,"Positive Hit"
"YPO2280.1","YPO2280.1",917.5,283,1.69338879160667,3.62536409738799,0.0223826527136729,2.83254675700576,"Positive Hit"
"a- hum 16x","a- hum 16x",171,42.5,1.98332125885337,4.11793410073827,0.00978759591057137,2.98325582439306,"Positive Hit"
"ace15","ace15",844.375,325.666666666667,1.3717722001415,2.76241051901909,0.0523564080063738,2.17097723631053,"Positive Hit"
"ace20.21","ace20.21",849.625,265.833333333333,1.67258435459626,3.31257187413887,0.0224650796305535,2.3113307403309,"Positive Hit"
"ace26","ace26",2173.75,654.5,1.73018187885449,3.17078885432383,0.024799285608088,2.28962735259591,"Positive Hit"
"aceE","aceE",690.25,134.333333333333,2.35269034865805,3.22353784342228,0.0456197380841278,2.08421234675946,"Positive Hit"
"acrB","acrB",155.25,62.6666666666667,1.29524605223486,3.32148279738572,0.0214685265837798,2.29417349789194,"Positive Hit"
"agaB","agaB",440.875,62.6666666666667,2.79502817238217,3.47760293462163,0.0367792130087327,2.24724390110087,"Positive Hit"
"ais","ais",211.125,66.6666666666667,1.64839743307864,2.85778330528133,0.0356276804463221,2.05089256080798,"Positive Hit"
"allA","allA",119.875,32,1.87297796011839,3.54678265890174,0.0206585747610058,2.35690142582418,"Positive Hit"
"allB","allB",202,65.3333333333333,1.61367379736268,4.70557725180422,0.016948057190522,2.98268519447615,"Positive Hit"
"amiC","amiC",160.625,53.1666666666667,1.57717315261559,3.23625141222629,0.0239497322653862,2.34452089227494,"Positive Hit"
"aufA","aufA",525.125,154.166666666667,1.76158693750342,3.41890400796081,0.018880176358097,2.46070774185093,"Positive Hit"
"aufE","aufE",642.75,263.166666666667,1.28505209265233,3.14609412852889,0.0256394160730674,2.27976185443033,"Positive Hit"
"aufF","aufF",284.75,101.833333333333,1.47444550978622,4.11173434534585,0.00935889142380162,2.95367459358781,"Positive Hit"
"bfd","bfd",236.75,98.5,1.25667691031691,2.98497670870929,0.0324277960179524,2.05511928335853,"Positive Hit"
"bolA","bolA",114.875,30.8333333333333,1.86395920131094,3.45591091179694,0.0284155157011466,2.24011232478758,"Positive Hit"
"borD","borD",106.75,44.5,1.2437494188904,4.50892654907865,0.00677644193275192,3.16998318574931,"Positive Hit"
"btuB","btuB",38.75,5.66666666666667,2.57591736111815,3.45944048416723,0.0217973769638641,2.44783872582015,"Positive Hit"
"c1165","c1165",2290.125,932.666666666667,1.29507668915978,3.89139089836686,0.011525518931543,2.79092285334436,"Positive Hit"
"c1166","c1166",442.625,144.833333333333,1.60502015306241,4.86976596809931,0.00648743107061169,3.68847884615592,"Positive Hit"
"c1170","c1170",1253.5,317.5,1.97774719315287,3.3865120027574,0.0232448660012405,2.31882290643943,"Positive Hit"
"c1285","c1285",456,40.5,3.46101092371114,3.98509590107747,0.0247087149067257,2.58009439111022,"Positive Hit"
"c3615","c3615",195.75,41.5,2.21082888936978,3.26989445544494,0.0397305459688802,2.11246113984817,"Positive Hit"
"c43038","c43038",366.5,104.333333333333,1.80278219226778,3.80028748267236,0.0160283085259488,2.88040144168459,"Positive Hit"
"c4558","c4558",238.875,46.5,2.33628338786443,4.20178773418456,0.00854485055557373,3.01336585366351,"Positive Hit"
"caiT","caiT",347,137,1.33441903907056,3.15323372269888,0.0341480766101349,2.09992576152588,"Positive Hit"
"ccmA","ccmA",164.375,62.1666666666667,1.38850580882874,3.26187291315727,0.0270640124882041,2.1828031475782,"Positive Hit"
"ccmK1","ccmK1",431.375,150.833333333333,1.50979455529203,4.5150626264215,0.00653318174275649,3.16407980036331,"Positive Hit"
"ccmK3","ccmK3",884.75,332.333333333333,1.40993396617738,4.85570927208544,0.00851743761856587,3.79028071643608,"Positive Hit"
"cdlD","cdlD",1049.75,441.166666666667,1.24875728164443,2.80272271640833,0.0519361188357741,2.21749358699835,"Positive Hit"
"cglD","cglD",370.875,92.1666666666667,1.99693198096063,3.25949540373645,0.0349128466759288,2.14698053636782,"Positive Hit"
"chbB","chbB",2752.875,1132,1.28131521502729,3.68142019309599,0.0355454578951948,3.0709708096818,"Positive Hit"
"chbC","chbC",113.125,37.3333333333333,1.573943499761,3.70837790679964,0.0287292434298242,2.34953673139212,"Positive Hit"
"chuA","chuA",139.375,16.3333333333333,3.01766499498067,3.61379346140313,0.0262005067420853,2.34934018568513,"Positive Hit"
"clpP","clpP",138.25,45,1.59797156128302,3.32572069741976,0.0423056967793053,2.10878446147163,"Positive Hit"
"cmtB","cmtB",483.75,215.166666666667,1.16509682457625,3.33400493028018,0.0329741922640737,2.19317774354262,"Positive Hit"
"cobW","cobW",293.5,102.833333333333,1.50399797152762,3.09724145915673,0.0271010899303888,2.23229423453723,"Positive Hit"
"cpxP","cpxP",392,90.6666666666667,2.10006019456774,3.29809240879285,0.025047648630708,2.25205464019447,"Positive Hit"
"cueO","cueO",322.875,117.666666666667,1.44852236993485,4.20172749692179,0.00854969607557951,3.01715020516651,"Positive Hit"
"cysK","cysK",664.125,313.833333333333,1.07903720251574,3.65887636806337,0.0181984660419904,2.77938937910529,"Positive Hit"
"dcm2","dcm2",339.75,100.666666666667,1.74486691507612,3.15495966243351,0.0274225895781992,2.34588110503876,"Positive Hit"
"dedD","dedD",610.75,199.833333333333,1.60694345568322,3.58383396164885,0.0354631990269242,2.30882168574586,"Positive Hit"
"deoR","deoR",147,39.6666666666667,1.86367852878722,3.69623877495512,0.03015021525897,2.35659929416501,"Positive Hit"
"dfp","dfp",429.875,153.166666666667,1.48277852868475,3.61953796990695,0.0248120235659404,2.84715426687812,"Positive Hit"
"dgoD","dgoD",310.75,86.8333333333333,1.82754909891361,3.02888499353549,0.0380846423025784,2.02228509513154,"Positive Hit"
"dnaC","dnaC",62.375,6.16666666666667,3.1445396830224,4.61248474147857,0.0140682232343029,2.87642220862566,"Positive Hit"
"dppF","dppF",152.75,53.1666666666667,1.50510919303194,3.10044669060167,0.0269081359952695,2.20287156537125,"Positive Hit"
"dsdX","dsdX",331.75,135,1.29083201466155,5.63036477034036,0.00295450249567085,4.1370045307937,"Positive Hit"
"ecpD","ecpD",238.375,85.1666666666667,1.47407070721854,3.7615290633807,0.0253641504350528,2.4361635620317,"Positive Hit"
"elaD","elaD",274.125,75,1.85601591644797,3.91375290310465,0.0209063660750021,3.08710095517247,"Positive Hit"
"fabF","fabF",261.375,89,1.54363335496248,5.60644770109389,0.00971212370315209,3.56802269413783,"Positive Hit"
"fadR","fadR",83.625,20.8333333333333,1.9545515227587,4.82119677942705,0.00722744749362588,3.11520949782213,"Positive Hit"
"fdnI","fdnI",89.125,14.6666666666667,2.52422909828434,3.24280969355042,0.0362882235273286,2.08720070976973,"Positive Hit"
"fepE","fepE",107.125,49.3333333333333,1.10311408392016,2.95961741286041,0.0829187252050075,2.50140975662787,"Positive Hit"
"fepG","fepG",77.75,27.8333333333333,1.44954229147171,3.47956021571014,0.0379848934819339,2.15820487481142,"Positive Hit"
"ffh","ffh",196.25,65.5,1.56859905451227,5.01857144611388,0.0100642210479788,3.9175860009953,"Positive Hit"
"fic","fic",60.375,5.66666666666667,3.20261362014849,3.28561253866339,0.0451861274709803,2.0456044764952,"Positive Hit"
"fimH","fimH",384.875,110,1.79757390126502,3.21555038277172,0.0274162125340593,2.19270420255081,"Positive Hit"
"fixX","fixX",262.125,69.6666666666667,1.89664656411172,3.00203476912688,0.0338243884228622,2.04723344653967,"Positive Hit"
"flk","flk",291.125,76.6666666666667,1.9112183748497,3.51101452406563,0.0339112331298248,2.26860188714994,"Positive Hit"
"fruR","fruR",434.125,163.833333333333,1.40042188868573,4.75101440913343,0.0133573908306384,3.08012384295357,"Positive Hit"
"fucU","fucU",223.25,60.6666666666667,1.86254521512411,3.26790584297937,0.0375918771513309,2.12386932906451,"Positive Hit"
"fxsA","fxsA",159.25,42.5,1.88123705077001,3.57022927069607,0.0212511526985963,2.37421427032029,"Positive Hit"
"gatR","gatR",105.4375,36.6666666666667,1.49864625798451,5.64795259778084,0.0031808455685924,4.02711901743431,"Positive Hit"
"gcvR","gcvR",116.9375,24.5833333333333,2.20474636295142,3.85167776231288,0.0215128922697269,2.48492099464101,"Positive Hit"
"glcC","glcC",48.125,8.33333333333333,2.39599308092216,2.74641949530001,0.0551210634818391,2.069137492336,"Positive Hit"
"glgA","glgA",167.5,49.6666666666667,1.73363976845943,3.82153787810065,0.0256042955948338,2.45234413949808,"Positive Hit"
"gltI","gltI",85.375,21,1.97311028175096,4.00187897417624,0.0132533289919419,2.62735138155417,"Positive Hit"
"gltX","gltX",291.875,78.1666666666667,1.88732003636598,3.18567188574952,0.0441840097691594,2.0594039345262,"Positive Hit"
"gnsB","gnsB",146.25,39.3333333333333,1.86822308727702,6.59685879303385,0.00303076709536114,4.23771316894978,"Positive Hit"
"gntP","gntP",245.75,102.666666666667,1.25109800504695,3.18598938193062,0.0458376503078885,2.04286721878096,"Positive Hit"
"gntX","gntX",187,50,1.88216350970614,3.12641331824816,0.0332163557071399,2.08533158521846,"Positive Hit"
"gor","gor",65,27,1.23703919730085,3.40279557246469,0.0339048799060624,2.11422268651648,"Positive Hit"
"grpE","grpE",1051.5,301.5,1.7988131857918,3.48296535501491,0.0333282973780853,2.27510378726581,"Positive Hit"
"gspF","gspF",229.625,92.0833333333333,1.3089541311856,3.39366500514305,0.0211029716437682,2.49690560113804,"Positive Hit"
"gspM","gspM",1210.125,565.25,1.09683672274878,3.48195726053371,0.0218690296612474,2.3705506359792,"Positive Hit"
"guaA","guaA",1232.25,596.333333333333,1.04585715065804,3.38083568439406,0.0356581276048483,2.73365973069432,"Positive Hit"
"guaD","guaD",232,57,2.00620514952671,3.53202165109959,0.0189788326342441,2.41175848905672,"Positive Hit"
"gutQ","gutQ",97.625,13.1666666666667,2.79945305459691,3.10169166663592,0.0276722036208849,2.13173295656184,"Positive Hit"
"hek","hek",442.875,102.833333333333,2.09588379271813,3.12411596617339,0.0409179897900395,2.05317663547765,"Positive Hit"
"hisL","hisL",46.75,2.66666666666667,3.70295971011961,4.31481057676376,0.011335588672392,3.11241368101166,"Positive Hit"
"hisP","hisP",276,64.3333333333333,2.08399482265514,3.151757766344,0.0389778772178403,2.06873421293741,"Positive Hit"
"hisQ","hisQ",106.75,45.3333333333333,1.21756548708675,4.43372942824673,0.00785278207136596,3.15907442153312,"Positive Hit"
"hofC","hofC",513.5,213.166666666667,1.26443712353388,3.06275507465301,0.0410463868716181,2.02303403168768,"Positive Hit"
"hokB","hokB",148.625,35,2.05528243550119,3.57461474339184,0.0164185745194367,2.47517345041792,"Positive Hit"
"hokE","hokE",62.375,8.16666666666667,2.78944472419984,4.86230296656849,0.00503824900637571,3.21321415561023,"Positive Hit"
"hscC","hscC",117.875,37.3333333333333,1.63277398063734,3.72651822757638,0.0279059829060947,2.36774294336703,"Positive Hit"
"hybC","hybC",3028.875,1140.5,1.40832741578577,3.60275442164254,0.0171302938705057,2.69957098362535,"Positive Hit"
"iap","iap",134.875,49,1.44228003525258,2.72915026504227,0.0443274517864826,2.00564204139733,"Positive Hit"
"ibeA","ibeA",518.5,189.5,1.44733275141089,3.19819676253553,0.0261935052070573,2.38456884301246,"Positive Hit"
"kdgK","kdgK",158.5,36.6666666666667,2.08219615207084,3.12746054689482,0.0357192651203602,2.06315379140273,"Positive Hit"
"kdpC","kdpC",67.25,17,1.92283213947754,4.41678244490494,0.0166131891402721,2.73873147019371,"Positive Hit"
"kpsC","kpsC",655.75,214.333333333333,1.60877263116086,3.38828963454122,0.0202021206077524,2.37741291794567,"Positive Hit"
"kpsD","kpsD",728.875,169.333333333333,2.09928861557602,3.91827141666439,0.0170936571691944,2.62340394147224,"Positive Hit"
"kpsT","kpsT",1323.625,462,1.51649989336985,3.76874710974257,0.0274877018975895,3.06564926465254,"Positive Hit"
"ksgA","ksgA",192,69.1666666666667,1.45974311492284,6.54687721637095,0.00171974125944275,4.76547769726578,"Positive Hit"
"lar","lar",200.375,65.1666666666667,1.60570808228477,4.78070478799962,0.0050781631347076,3.41155110129509,"Positive Hit"
"livK","livK",138.125,60.5,1.17772337200272,6.23467580075258,0.00180142310528695,4.38524089097431,"Positive Hit"
"marR","marR",53.25,19.1666666666667,1.42765049589104,2.93834274115804,0.0325951622952743,2.02100692887327,"Positive Hit"
"mdh","mdh",175,73,1.24997825300835,3.08937282432409,0.0329492168369056,2.06337976369308,"Positive Hit"
"mepA","mepA",409.625,180.666666666667,1.17652773626656,3.64327684173822,0.014939161023518,2.62247321669487,"Positive Hit"
"mglA","mglA",395.1875,149.916666666667,1.39243122242709,3.05742985535149,0.0298226603382989,2.12014760762065,"Positive Hit"
"mhpT","mhpT",249,90.8333333333333,1.44483827681209,4.00970206295479,0.0139578665107861,3.03439088658814,"Positive Hit"
"mntH","mntH",335.25,88.8333333333333,1.90421149541264,3.91814442318874,0.0187831437468751,3.06406246342787,"Positive Hit"
"modC","modC",207,72.5,1.50076737330473,3.15507702959972,0.0469263217840086,2.02177906924778,"Positive Hit"
"mrdB","mrdB",84.625,24.8333333333333,1.72879827329481,3.50704830100408,0.0186792897035958,2.3500042396053,"Positive Hit"
"nikE","nikE",440.875,120.166666666667,1.86664544649832,3.05185149919337,0.0359475197552162,2.05263029294664,"Positive Hit"
"nmpC","nmpC",115.125,31.5,1.8371669733542,3.09162794887514,0.0327816756917897,2.05654812960825,"Positive Hit"
"nrdA","nrdA",1449,628.333333333333,1.20415663626161,4.23024601366843,0.0117719151606634,2.86306535570848,"Positive Hit"
"nuoE","nuoE",160.125,62.6666666666667,1.33957022104706,3.33764011594957,0.0218819757866903,2.28305004227196,"Positive Hit"
"orf13","orf13",572.5,218.666666666667,1.38447752172893,2.94937216324993,0.0320132708650611,2.0992807276051,"Positive Hit"
"orf15","orf15",258.75,79.8333333333333,1.68410150255088,3.04948518335076,0.0293705795038607,2.22813910471281,"Positive Hit"
"orf19","orf19",317,81,1.95533095066627,3.0303349394566,0.0383152916383676,2.02221869295412,"Positive Hit"
"orf32","orf32",396,132,1.57771276164177,3.29715699847256,0.0285760256432131,2.54135758122975,"Positive Hit"
"orf58.1","orf58.1",1201.125,441.333333333333,1.44238104894388,3.17476898104047,0.0323785085357917,2.13810986727241,"Positive Hit"
"orf77","orf77",780,168.5,2.20403727500564,8.27504404705379,0.000434554066431846,5.84135484237256,"Positive Hit"
"orf80","orf80",219.875,46.8333333333333,2.20714189859709,4.42515969873543,0.00779001591872849,3.25358225809819,"Positive Hit"
"paaJ","paaJ",270.25,77.8333333333333,1.7827454547136,3.14078738894989,0.0417262715522465,2.04731566434215,"Positive Hit"
"pabC","pabC",345.75,90.5,1.92205223403956,3.63239405656952,0.01826503486711,2.46898959874624,"Positive Hit"
"panB","panB",634.75,203,1.63989040471861,6.69307787278168,0.00185741634448791,4.52686527030939,"Positive Hit"
"panD","panD",604.5,198,1.60535852915068,3.8374395166639,0.0141964738903862,2.63608299601509,"Positive Hit"
"papG","papG",411.875,82.3333333333333,2.30873947034459,4.07421499014329,0.0180185630525249,2.67996227466134,"Positive Hit"
"papJ","papJ",382.875,112.5,1.75794430968496,3.06510998687568,0.0412877739925542,2.02124631983029,"Positive Hit"
"parE","parE",1141.75,518.166666666667,1.13824015641383,3.24754142332008,0.0336001167088683,2.15922670112559,"Positive Hit"
"pgpB","pgpB",197.5,56.6666666666667,1.78332947022739,3.59862930184583,0.0206470203954077,2.40174378924171,"Positive Hit"
"pheL","pheL",38.25,4.83333333333333,2.75030023266782,3.64681104978732,0.0147983423596724,2.43781873344334,"Positive Hit"
"phnA","phnA",914.375,166.833333333333,2.44733361321668,7.21678788545997,0.00207624804687135,4.80660962777155,"Positive Hit"
"phoA","phoA",340.875,142.333333333333,1.25409476881161,3.50806334435659,0.0295251079600963,2.29179269235642,"Positive Hit"
"phoR","phoR",331.25,159.166666666667,1.05269526922358,4.01438842286988,0.0138897232353787,2.68884098467512,"Positive Hit"
"pncA","pncA",63.625,6.83333333333333,3.04439411935845,4.3234997162307,0.00951449971002189,2.8259683060743,"Positive Hit"
"pnuC","pnuC",145.875,42.3333333333333,1.76103972914506,6.38008471983457,0.0186480971668236,5.39564605459487,"Positive Hit"
"potI","potI",149.5,51.8333333333333,1.51024314734145,3.82178879956283,0.0128112060500652,2.62818833138677,"Positive Hit"
"pqiB","pqiB",216.25,47.3333333333333,2.16826577752062,5.5329050941671,0.0055162401407408,3.62727723789636,"Positive Hit"
"prfA","prfA",154.125,45.3333333333333,1.74330882812801,3.44726497378553,0.028988849130981,2.24565287595667,"Positive Hit"
"prkB","prkB",661.25,112.333333333333,2.54680369295308,3.19056010220316,0.0345280738257572,2.12637078026897,"Positive Hit"
"prmA","prmA",115.625,12,3.16529355271067,4.02808632870001,0.0227936865228085,2.56814152467385,"Positive Hit"
"prmC","prmC",73.5,22.8333333333333,1.64425968440493,3.63155001998149,0.0277833031686996,2.28424073077263,"Positive Hit"
"prpE","prpE",1125.375,352.5,1.67190509854256,3.27535185009562,0.0325150001517773,2.18083529530797,"Positive Hit"
"pspF","pspF",42.75,6.5,2.54432051622381,5.32431353385031,0.00930762759171653,3.18668661655369,"Positive Hit"
"purB","purB",501.875,200.166666666667,1.32180856259177,2.9468575992342,0.0335284832494383,2.05114923160675,"Positive Hit"
"rbbA","rbbA",147.75,18,2.96881834475172,4.51429525226179,0.00633534062896786,3.16131077767806,"Positive Hit"
"rbfA","rbfA",628.75,217,1.53045108195731,4.69893608443343,0.0103439553799635,3.11249038087438,"Positive Hit"
"rcsD","rcsD",547.125,254.666666666667,1.10024086055032,2.73509235541179,0.0624764395342484,2.20481579119169,"Positive Hit"
"recC","recC",174.875,80.1666666666667,1.11559115187535,4.38785918658024,0.00726570626158336,3.11034501074213,"Positive Hit"
"relE","relE",469,183,1.35295499050799,3.60678154759932,0.0155150893259484,2.55797847175619,"Positive Hit"
"rfaJ","rfaJ",107,28.1666666666667,1.8886388910523,4.13633192207621,0.0117216397565728,2.73386748944593,"Positive Hit"
"ribE","ribE",388.75,117.333333333333,1.7196924990269,4.15118733962397,0.0109160068648838,2.8303025203213,"Positive Hit"
"rmf","rmf",117.875,39.5,1.55345152797594,3.26806383740398,0.0223021518454769,2.30387689921304,"Positive Hit"
"rna","rna",133.375,40.1666666666667,1.7067162136133,4.63895277593464,0.0138384255146514,2.95221054991154,"Positive Hit"
"rob","rob",432.75,107.166666666667,2.00360778018764,3.40366265222251,0.0366695125950463,2.20876419355491,"Positive Hit"
"rpe","rpe",484,181.166666666667,1.41272575212374,3.42752410155791,0.0278681798858449,2.27529484989337,"Positive Hit"
"rplR","rplR",320.875,128.833333333333,1.30983969961743,4.80435570904229,0.013999188268497,3.85251047719207,"Positive Hit"
"rplV","rplV",332.125,92.6666666666667,1.83045599814677,3.56192422853206,0.0341633994204682,2.29520304787751,"Positive Hit"
"rpmC","rpmC",415.125,121,1.77013581757738,3.97921588388828,0.0221160955453662,2.59045762454043,"Positive Hit"
"rpsA","rpsA",744.625,164.666666666667,2.17016688174146,3.57689875985461,0.0313010404331542,2.33202991991717,"Positive Hit"
"rpsO","rpsO",936,218.5,2.09382810812383,4.82078635078062,0.00784851187970672,3.24331932761743,"Positive Hit"
"rsi13.03","rsi13.03",3042.875,1307,1.21854657339872,3.50687382882026,0.0293450912187214,2.31613178896877,"Positive Hit"
"rsi13.10","rsi13.10",559.375,140.833333333333,1.98219596308588,4.21033984439453,0.0110311652604277,2.86185648096976,"Positive Hit"
"rsi13.18","rsi13.18",412.75,103.5,1.9852563696137,4.27868901530011,0.0199392844796132,2.76519514805964,"Positive Hit"
"rsi13.20","rsi13.20",568.25,150,1.91451383681154,3.00813823920769,0.0401601259239073,2.00851301632992,"Positive Hit"
"rsi13.21","rsi13.21",338.375,93.8333333333333,1.8394141411063,3.63591303412998,0.0224811803509886,2.41493986194433,"Positive Hit"
"rsi13.43","rsi13.43",1821.875,687.166666666667,1.40538571705472,2.93269891900949,0.0333829005739752,2.16173400403854,"Positive Hit"
"rspA","rspA",198,64.5,1.6032016190062,3.10314806361628,0.0400519530655679,2.02936090462872,"Positive Hit"
"sbcD","sbcD",1433.875,559,1.35742632884459,3.33631339183519,0.0288843753352096,2.23694645949477,"Positive Hit"
"sdhC","sdhC",47.875,7.66666666666667,2.49554757988742,3.24401362594138,0.0286942942700013,2.09110209199293,"Positive Hit"
"sfaB1","sfaB1",377.625,74.8333333333333,2.31986562843047,5.182048210968,0.0065628040451433,3.44419665142883,"Positive Hit"
"sfaD","sfaD",423.75,142,1.57059880040583,2.82481574141157,0.03705538859598,2.00536365740046,"Positive Hit"
"sfaF","sfaF",224.125,57.3333333333333,1.9483338547951,3.16556652633044,0.0408622957465132,2.05976504864391,"Positive Hit"
"sfaS","sfaS",623.25,191.666666666667,1.69601692414869,4.12958096468163,0.0108586515150729,3.1029687670747,"Positive Hit"
"sfmD","sfmD",233,108.166666666667,1.09997612387975,3.58681264760803,0.0256932493561067,2.78959247376611,"Positive Hit"
"sfsB","sfsB",230.375,82.8333333333333,1.4646370907862,3.81480927249979,0.0134867971052215,2.62135734955308,"Positive Hit"
"sixA","sixA",112.5,54.8333333333333,1.02349370266694,2.43057010809378,0.128655102167505,2.10772357474453,"Positive Hit"
"slyA","slyA",43,3.5,3.28950661719499,4.09137911985302,0.0154887287967698,2.97803766432052,"Positive Hit"
"slyX","slyX",253.75,83.1666666666667,1.59776125924781,3.08210788772663,0.0398640457522174,2.02783543293588,"Positive Hit"
"sohB","sohB",50.375,11,2.09803208296053,3.65039042901663,0.016717248772096,2.37806858219435,"Positive Hit"
"soxR","soxR",123.875,19.8333333333333,2.58351908385149,4.19578542239349,0.0238878170996493,3.37131479205832,"Positive Hit"
"sthA","sthA",353.875,91.3333333333333,1.94238746839636,4.25551240629349,0.022019486012878,2.73156561709354,"Positive Hit"
"tadA","tadA",314.25,95.1666666666667,1.71288755240389,3.1676147222312,0.0344243183365055,2.10486333559682,"Positive Hit"
"tatA","tatA",269.875,31.8333333333333,3.04439411935845,3.73907853811369,0.0228917313988839,2.45913055663106,"Positive Hit"
"tdcD","tdcD",138.125,61,1.16604156695508,3.00034679985298,0.0308774505160843,2.06233431592354,"Positive Hit"
"tdcG","tdcG",325.875,117.5,1.46385198223604,3.58141445925592,0.0178147258915919,2.45593985293076,"Positive Hit"
"tdk","tdk",734.75,214.333333333333,1.77264397296763,5.75797648316458,0.00222684375351152,4.14462039697042,"Positive Hit"
"tldD","tldD",174.125,62.1666666666667,1.47114970298088,4.90223187168145,0.0069502041058772,3.23133089971323,"Positive Hit"
"torC","torC",173.625,61.8333333333333,1.47465809286196,4.87743212177005,0.00524047836222657,3.53586332194801,"Positive Hit"
"torI","torI",140.75,37.1666666666667,1.89296363756644,3.93916973226471,0.0154132159121108,2.60340285551461,"Positive Hit"
"torZ","torZ",143.875,40.5,1.80362541965955,3.73871482116104,0.0135846010899504,2.65914423403831,"Positive Hit"
"trmD","trmD",257.25,40,2.65507253424698,3.28763600961611,0.0399527172187095,2.12838916160633,"Positive Hit"
"trmE","trmE",715.625,264.666666666667,1.4316011504293,3.10829918107577,0.0271653165525989,2.19060035993623,"Positive Hit"
"ubiX","ubiX",281,132.333333333333,1.08065766334522,3.09602799729939,0.029214026085639,2.12318687356075,"Positive Hit"
"ucpA","ucpA",163.375,33.1666666666667,2.26632948539537,4.05279591097911,0.0120722329583674,2.73011390086419,"Positive Hit"
"ugpB","ugpB",216.5,72.5,1.56519924589973,3.64134202634928,0.0178367141843347,2.46141040938758,"Positive Hit"
"uhpT","uhpT",58.125,22,1.36213441728238,3.41643208605563,0.0198419531018843,2.25201448648877,"Positive Hit"
"umuC","umuC",278.5,96.3333333333333,1.52184241468433,3.01859423027402,0.0344933712485366,2.28150387217606,"Positive Hit"
"uxaA","uxaA",246.375,72.8333333333333,1.74435550921365,3.06430223233659,0.0391847658239778,2.02453280352828,"Positive Hit"
"uxaC","uxaC",738.0625,238.916666666667,1.62316299027184,3.18980060004618,0.0340780154855245,2.12836188950468,"Positive Hit"
"wbbH","wbbH",81.5,13.8333333333333,2.47555128400057,3.14322842308406,0.0470256599440493,2.48810590241605,"Positive Hit"
"yabP","yabP",236.1875,93.4166666666667,1.32891452520347,3.31480306576271,0.0264528438835729,2.22217423155636,"Positive Hit"
"yafF","yafF",180.125,67.6666666666667,1.39930385309487,3.180428767284,0.0283362885500043,2.1457089642892,"Positive Hit"
"yafJ","yafJ",661.625,155.333333333333,2.08356721347855,5.4056422327477,0.0107768770459167,3.48916342489231,"Positive Hit"
"yagA","yagA",728.875,283.833333333333,1.3575314148375,4.34626717616874,0.013190218019826,2.8853675720214,"Positive Hit"
"yagJ","yagJ",908.875,336.166666666667,1.43220644524122,3.3670331211017,0.034130913999059,2.21134208801769,"Positive Hit"
"yagU","yagU",363.625,147.666666666667,1.29433227169903,3.07095841471663,0.0337865584988015,2.07143612225224,"Positive Hit"
"yaiX","yaiX",1192.25,456.833333333333,1.3820019266975,3.32227502841798,0.0314145024302056,2.20979522951926,"Positive Hit"
"yajI","yajI",142.125,5.5,4.46069216484321,4.53829202451462,0.0198157457325109,2.86970554146811,"Positive Hit"
"ybaE","ybaE",204.5,76.8333333333333,1.40067834469318,2.98928109629386,0.0476534806222112,2.36645870156926,"Positive Hit"
"ybaN","ybaN",172.625,79.6666666666667,1.10593014742795,3.4590477635443,0.0180934299423228,2.41901289731222,"Positive Hit"
"ybaW","ybaW",622.25,284.166666666667,1.12800562372324,4.29974716371125,0.00939720148288103,3.22689928619638,"Positive Hit"
"ybbK","ybbK",85.5,31.8333333333333,1.3975389089015,7.18309923747312,0.000815226275238257,4.71410159842887,"Positive Hit"
"ybbL","ybbL",104,41.5,1.30485458152842,3.90307496086691,0.0165705796823175,2.529262857765,"Positive Hit"
"ybcC","ybcC",88.875,25.8333333333333,1.74389358304584,4.22117148048475,0.0156005833757498,2.68638441329583,"Positive Hit"
"ybdN","ybdN",105.75,22.3333333333333,2.19377174339668,4.49122837989143,0.0102609547798513,2.92553224637656,"Positive Hit"
"ybeA","ybeA",192.875,69.1666666666667,1.46626904869085,4.15684068804396,0.0118885550106088,2.77343648642008,"Positive Hit"
"ybfA","ybfA",88.875,36.6666666666667,1.25463149874527,3.84752457005031,0.0254968908449874,2.40275795915991,"Positive Hit"
"ybfO","ybfO",53.625,16,1.68402662825026,4.42854615752633,0.0143153942797457,2.71878432951827,"Positive Hit"
"ybgF","ybgF",189.75,48.3333333333333,1.95104838192674,3.99101932124363,0.0244312578900759,2.55437564040545,"Positive Hit"
"ybgL","ybgL",96.625,43.1666666666667,1.14429268941257,3.97900718125597,0.0114700469112595,2.64668815901573,"Positive Hit"
"ybjO","ybjO",130,35.3333333333333,1.85020117748168,2.87145315772811,0.0349658648818064,2.01959419909208,"Positive Hit"
"ycbG","ycbG",83.125,13.5,2.53648169948274,4.57712031597672,0.00694792947773538,3.2777086029919,"Positive Hit"
"yceQ","yceQ",56.625,6.5,2.94173234482082,9.57025127737283,0.000230498711564015,5.96834219350346,"Positive Hit"
"yciM","yciM",154.75,43.8333333333333,1.79658849118853,4.52545729265199,0.00713630693541647,3.29100707238266,"Positive Hit"
"yciS","yciS",234.5,69.8333333333333,1.73322671930888,4.77975618941271,0.00695639503139334,3.20420478595675,"Positive Hit"
"yciX","yciX",77.25,18.75,1.98623809875552,4.05411392437873,0.0155796150301719,2.60134472793541,"Positive Hit"
"ycjV","ycjV",171.5,46,1.87586369998789,5.23617868999126,0.00341189315398458,3.63132441308705,"Positive Hit"
"ydaE","ydaE",156.875,65.5,1.24735648828636,3.92122015989544,0.0118366818609405,2.67686027108406,"Positive Hit"
"ydaF","ydaF",109.25,30.5,1.8073549220576,3.7520389349402,0.0177623180564004,2.47010591028607,"Positive Hit"
"ydaM","ydaM",389,137.666666666667,1.49185309632967,5.46179672983089,0.00280646325778104,3.89769571058168,"Positive Hit"
"ydcM","ydcM",265.25,86.3333333333333,1.60817721429691,3.86592152053054,0.0215924853865469,2.52394700471247,"Positive Hit"
"ydeI","ydeI",99.375,36.8333333333333,1.40767019094756,3.21501739008336,0.0302965431271953,2.10543321790939,"Positive Hit"
"ydfI","ydfI",154.375,58.3333333333333,1.38883965080724,3.81768526861936,0.0124087646671816,2.67178086394721,"Positive Hit"
"ydfK","ydfK",136.9375,24.5833333333333,2.43073856963059,3.09924052178637,0.0437880293484502,2.0031101175395,"Positive Hit"
"ydhZ","ydhZ",235.25,95.6666666666667,1.28922392981466,3.34965835227121,0.0209638185415896,2.3270847097422,"Positive Hit"
"ydiI","ydiI",221.875,79.1666666666667,1.47516040457611,4.00731733932599,0.0227291019794324,2.57570168550224,"Positive Hit"
"ydiO","ydiO",220.625,55.8333333333333,1.96331139259567,5.10444974634375,0.00503045036346621,3.4369928470582,"Positive Hit"
"ydiR","ydiR",81,33.6666666666667,1.24207478719815,3.18108707425095,0.0248120226190056,2.22031458069457,"Positive Hit"
"ydjL","ydjL",126.75,23.8333333333333,2.36297346119662,3.43571565502856,0.0358579063985409,2.19633821418437,"Positive Hit"
"ydjN","ydjN",89.75,24.6666666666667,1.82200169802201,3.84673060002423,0.0121260522355975,2.68665979311842,"Positive Hit"
"yeaH","yeaH",61.375,10.1666666666667,2.48176931560064,4.38233204315691,0.00714102459255147,2.9834950053161,"Positive Hit"
"yebV","yebV",176.125,39.5,2.12877404003339,3.14769560214678,0.0290251473997615,2.13486159536204,"Positive Hit"
"yecS","yecS",148.875,54.3333333333333,1.43753901278845,2.85367268892505,0.0438701442589034,2.16413196536201,"Positive Hit"
"yeeD","yeeD",215.125,66.8333333333333,1.67179967009719,3.39231111127509,0.0225502683820712,2.30086001087374,"Positive Hit"
"yeeF","yeeF",76.625,18.8333333333333,1.96859419563369,4.02611209708733,0.0304458650120473,3.20504537676888,"Positive Hit"
"yeeL","yeeL",131.1875,44.75,1.53074210972327,3.5274988492213,0.0308664736064321,2.25867719986969,"Positive Hit"
"yeeY","yeeY",106.75,17.1666666666667,2.56832223503333,3.3198783931964,0.0244251665981195,2.22819840887195,"Positive Hit"
"yehB","yehB",157.5,42.9166666666667,1.85164237922335,5.19762411710751,0.00932528817729421,3.32444566893077,"Positive Hit"
"yehS","yehS",543.875,147.5,1.87546236755323,4.04236907651065,0.00989960246733732,2.8966052422934,"Positive Hit"
"yeiU","yeiU",83.0625,31.6666666666667,1.36364311404993,3.66587033115357,0.0145539259684969,2.53212886724139,"Positive Hit"
"yejO","yejO",156.875,38,2.0172367049253,4.26114787307004,0.00802689211115439,3.01307459215929,"Positive Hit"
"yfaO","yfaO",201.375,45.6666666666667,2.11656675407876,3.83283664050369,0.0201113411483956,2.51693095479122,"Positive Hit"
"yfaS","yfaS",111.4375,52.25,1.07826985102564,3.28992029658606,0.0316390404446785,2.4886604751365,"Positive Hit"
"yfaX","yfaX",237.375,64.6666666666667,1.85999980957754,3.49757149406335,0.0333242685005956,2.25944099052841,"Positive Hit"
"yfbN","yfbN",194,83.3333333333333,1.20929923977646,4.22070369531314,0.00882569902710489,3.0400885754384,"Positive Hit"
"yfbP","yfbP",230.125,82.1666666666667,1.47459600478809,7.07273696955217,0.00462962221572523,4.46613115312422,"Positive Hit"
"yfcD","yfcD",637.25,208.666666666667,1.60602411624899,3.78208082491617,0.0151605034911528,2.59465327105844,"Positive Hit"
"yfcG","yfcG",528.125,219.833333333333,1.26065062970165,5.07743938233889,0.00560676580687171,3.85048790669018,"Positive Hit"
"yfcO","yfcO",101.125,38.1666666666667,1.38263782230184,2.94130902198534,0.0375496370740763,2.17490349946059,"Positive Hit"
"yfcP","yfcP",169.375,62.3333333333333,1.42767673919542,4.0042934215314,0.0255672208004057,3.20541673919839,"Positive Hit"
"yfcS","yfcS",88.375,42.5,1.03885593581702,2.81401672085267,0.0460895793073161,2.08808235217977,"Positive Hit"
"yfcT","yfcT",235,83.6666666666667,1.47892086331083,3.69190729533892,0.0142316951774925,2.59224331123429,"Positive Hit"
"yfdI","yfdI",277.75,102.666666666667,1.42701972539822,3.08352037214585,0.0275543368529208,2.22218810709104,"Positive Hit"
"yfgF","yfgF",165.625,35.1666666666667,2.20387233336565,2.87384525413603,0.036118349333749,2.09849519327333,"Positive Hit"
"yfgJ","yfgJ",267.8125,107.083333333333,1.31445615241411,2.96452318145573,0.0334008157892053,2.18859564507404,"Positive Hit"
"yfhK","yfhK",295.875,101.833333333333,1.52954761967741,4.01106631320578,0.0133918341994614,2.70191081513035,"Positive Hit"
"yfiR","yfiR",82.125,26.6666666666667,1.58713359976278,2.84588226849874,0.0479875806272664,2.15709499816628,"Positive Hit"
"ygcL","ygcL",684.375,282.333333333333,1.27439322799289,3.73509736496862,0.0163227469187238,2.55189911395559,"Positive Hit"
"ygcW","ygcW",120.125,30.3333333333333,1.9507265044586,4.11865239180917,0.0143082863362153,2.68997601682884,"Positive Hit"
"ygeK","ygeK",45.625,1,4.54303182025524,4.54626468904358,0.0192759659344261,2.75856759476238,"Positive Hit"
"ygeQ","ygeQ",94.25,9.5,3.18132976471456,3.37167417824876,0.0342750217530712,2.16458611011589,"Positive Hit"
"ygfQ","ygfQ",143.75,61.3333333333333,1.21548757882276,3.4286787733523,0.0194697268524267,2.34563092515007,"Positive Hit"
"yggL","yggL",2588.5,674.166666666667,1.93935797416557,2.90254270601317,0.0351405698861137,2.03409705273763,"Positive Hit"
"yghK","yghK",170,53,1.66296501272243,4.09843601509462,0.00936929275509308,2.88604892319569,"Positive Hit"
"yghZ","yghZ",1413.125,551.833333333333,1.35499313979595,2.81355643617421,0.0434461501470041,2.15372399428554,"Positive Hit"
"ygjE","ygjE",148.5,48.8333333333333,1.58496250072116,3.06197964735255,0.0342060688113774,2.30628083260799,"Positive Hit"
"ygjH","ygjH",105,24.1666666666667,2.07447821595928,3.62881258869845,0.02961404252063,2.31036527675236,"Positive Hit"
"ygjO","ygjO",331.625,125.333333333333,1.39666125757228,3.95888879311002,0.0133324902303206,2.6843306624645,"Positive Hit"
"yhaH","yhaH",57.25,19.6666666666667,1.49495233498856,3.18435811381803,0.0246776219069022,2.13899508186597,"Positive Hit"
"yhaJ","yhaJ",960.125,290.166666666667,1.72287887181713,4.43656271688493,0.00702224557272613,3.12947019321751,"Positive Hit"
"yhbP","yhbP",482.5,119.333333333333,2.00647955331083,3.16943694334123,0.0396822317428926,2.08155277121598,"Positive Hit"
"yhbQ","yhbQ",391.625,96.1666666666667,2.01461865517262,6.95926569324457,0.0034294132913267,4.52367070398537,"Positive Hit"
"yhcE","yhcE",101.833333333333,39.7222222222222,1.33641979173676,3.8029300802241,0.0125988165145818,2.63556487065105,"Positive Hit"
"yhcH","yhcH",85.625,18,2.18878402869363,3.89235494983102,0.0178785197934555,2.51587773840519,"Positive Hit"
"yhcM","yhcM",217.125,39,2.44708322620965,4.60580133633281,0.00880461961738618,3.07040680700144,"Positive Hit"
"yhdA","yhdA",96.0625,13.4166666666667,2.75117638747173,3.20115844186587,0.0272980344213479,2.15015320609044,"Positive Hit"
"yhdU","yhdU",86.75,30.5,1.47804729680464,5.21192790166511,0.0108094852844814,3.21095149680594,"Positive Hit"
"yhdX","yhdX",547.5,166.166666666667,1.71420442051217,7.48879001618112,0.00110332822550144,5.63678708960252,"Positive Hit"
"yheN","yheN",53.125,6.66666666666667,2.81962375939087,4.78223758938868,0.0131554375711404,2.93706918383712,"Positive Hit"
"yhfA","yhfA",252.625,113.333333333333,1.149450884305,3.49267407945673,0.0342591738173545,2.24486845196394,"Positive Hit"
"yhhH","yhhH",155.25,44.8333333333333,1.76938707185858,3.21111410046922,0.0265850523320669,2.17702578800669,"Positive Hit"
"yhhI","yhhI",103.75,40.5,1.33576700235243,3.48874265990258,0.0330588954406813,2.71548088046677,"Positive Hit"
"yhhL","yhhL",107.125,22,2.23299436646707,3.84011023642209,0.014069686421378,2.57706053432113,"Positive Hit"
"yhhN","yhhN",122.5,53.3333333333333,1.18460157807476,2.54264109597444,0.0816987074437948,2.04185002166481,"Positive Hit"
"yiaA","yiaA",77.375,23,1.70735913208088,4.56900173498955,0.0131484940538649,2.86189440646948,"Positive Hit"
"yibK","yibK",265,35.8333333333333,2.85234237683091,3.90987269046547,0.0271675092503334,2.51183176808451,"Positive Hit"
"yidE","yidE",58.5,21.3333333333333,1.41369107357133,4.61934404565663,0.00605752595637305,2.99759458105706,"Positive Hit"
"yieG","yieG",69.25,12.3333333333333,2.39746072605472,3.99674986952773,0.0147379354837631,2.58521009044044,"Positive Hit"
"yieL","yieL",240.625,78.5,1.60374296692688,3.49995986249517,0.0192989772507381,2.39381616016606,"Positive Hit"
"yigA","yigA",318.125,58.1666666666667,2.43126510873623,4.09254150818792,0.0177080232987118,2.68670362252922,"Positive Hit"
"yjaA","yjaA",126.375,44.3333333333333,1.49043799563663,5.2998897850221,0.0041895028798417,3.49901611941735,"Positive Hit"
"yjbC","yjbC",262.875,108,1.27552653857023,3.09774847520757,0.0321220520645342,2.08855321132597,"Positive Hit"
"yjeN","yjeN",205.125,26,2.932488181274,4.59349141469387,0.0182220974552894,2.92703897763207,"Positive Hit"
"yjgJ","yjgJ",499.375,217.166666666667,1.19757901916345,2.62507056137025,0.0542438089706721,2.00807160231225,"Positive Hit"
"yjhC","yjhC",247.875,67.3333333333333,1.86475990693621,4.7373075001183,0.00654298166082356,3.52453814305382,"Positive Hit"
"yjhX","yjhX",53.375,5.83333333333333,2.99228208683916,5.46684453788013,0.00702897306600304,4.00342804226727,"Positive Hit"
"yjiL","yjiL",67.25,19.1666666666667,1.75885640436641,4.07095829976445,0.0100600725209128,2.71201966966004,"Positive Hit"
"ykgC","ykgC",262.125,98.8333333333333,1.39815482588613,6.45298087474858,0.00385487189487146,4.17547156242035,"Positive Hit"
"ymcE","ymcE",229.875,88.3333333333333,1.36984146124582,3.7958719329149,0.013323343901054,2.62372352383993,"Positive Hit"
"ymdC","ymdC",146.875,31.6666666666667,2.17848701494574,5.39437494137988,0.00295822613747488,3.77518141991704,"Positive Hit"
"ymdF","ymdF",141.375,50.5,1.46705150452489,3.51623751987435,0.0343232263212617,2.23678630126673,"Positive Hit"
"yncI","yncI",82.4375,34.9166666666667,1.21604246820697,3.80546874939265,0.0141458223292471,2.50515542663095,"Positive Hit"
"yneH","yneH",68.25,10.5,2.59018020999218,3.02130769127619,0.0375911751162761,2.26054878657275,"Positive Hit"
"yneK","yneK",144.125,63,1.18115225686557,3.9797980053454,0.010604973566663,2.75034759862946,"Positive Hit"
"ynfO","ynfO",131.25,18.8333333333333,2.73726864952724,5.04741000951722,0.0116998485424409,3.20667696563388,"Positive Hit"
"ynjI","ynjI",52.25,11.1666666666667,2.12984756206698,3.51256871702562,0.0214936716336602,2.26441464629285,"Positive Hit"
"yoaD","yoaD",116.375,34.5,1.72523422814909,3.60531038325884,0.0324704846829757,2.28353362729763,"Positive Hit"
"yoeB","yoeB",102.125,48.5,1.05889368905357,4.10011945052471,0.0272899540688431,3.22496262300225,"Positive Hit"
"ypdA","ypdA",57.625,12.8333333333333,2.08336718188961,3.21825997580046,0.0333757461031001,2.05618140640641,"Positive Hit"
"yphG","yphG",328.375,61.5,2.39780296186249,5.07091559556002,0.00822396915142354,3.3365347780238,"Positive Hit"
"yqaE","yqaE",351,54.1666666666667,2.67370671255124,3.1532126663937,0.0480346150223937,2.0331946633825,"Positive Hit"
"yqeF","yqeF",475,170.333333333333,1.47415571483522,3.3365664846041,0.026709335371675,2.2465413475928,"Positive Hit"
"yqjA","yqjA",99.125,20.5,2.21939367770661,4.17215544737228,0.0158927892708501,2.68239999090381,"Positive Hit"
"yrbG","yrbG",114.375,29.8333333333333,1.90376787785062,6.39452495845348,0.00182398076168638,4.20900974646989,"Positive Hit"
"ytfJ","ytfJ",517.875,214.166666666667,1.26993243201757,3.68169583946419,0.0142684519292985,2.63460227818094,"Positive Hit"
"ytfR","ytfR",150.875,42,1.82047584379105,3.83581355175768,0.0123649541283752,2.66391758763924,"Positive Hit"
"z1161","z1161",717.625,235.5,1.60339894207411,3.23305930195449,0.0251211917505542,2.41329330808331,"Positive Hit"
